graph,batch_deletions_fraction,batch_insertions_fraction,batch_fraction,sta-t,nai-t,del-t,fro-t,sta-m,nai-m,del-m,fro-m,sta-s,nai-s,del-s,fro-s
all,0.00000002,0.00000008,0.0000001,4583.230553,3561.413054,3328.714462,3013.181257,0.9287693876,0.9304085159,0.9293630356,0.9288696506,1,1.286913504,1.376877051,1.521060355
all,0.0000002,0.0000008,0.000001,4231.619295,3290.762714,3123.804933,2829.696856,0.9285117639,0.9303490767,0.9302260433,0.9292656059,1,1.285908363,1.354636216,1.495432023
all,0.000002,0.000008,0.00001,4285.971205,3307.616817,3258.687978,2996.625331,0.9290106866,0.9302155331,0.9302688713,0.9301089352,1,1.29578831,1.315244428,1.43026596
all,0.00002,0.00008,0.0001,4593.849885,3579.212009,3616.008381,3310.25715,0.9288516845,0.9301990416,0.9301881064,0.9300017855,1,1.283480798,1.270420143,1.387762242
all,0.0002,0.0008,0.001,4916.4815,3944.322971,3981.027552,3576.463965,0.9273277484,0.9289812698,0.9290008067,0.9288229911,1,1.246470316,1.234978014,1.374676649
all,0.002,0.008,0.01,5608.031279,4522.38304,4838.412216,4467.699928,0.9172287111,0.9182069851,0.917027238,0.9179381035,1,1.240061098,1.159064385,1.25523902
all,0.02,0.08,0.1,10910.11909,9704.609865,10992.0507,9858.029812,0.861222644,0.8629131099,0.8631687374,0.8629414534,1,1.124220267,0.992546286,1.106724092