graph,batch_deletions_fraction,batch_insertions_fraction,batch_fraction,sta-t,nai-t,del-t,fro-t,sta-m,nai-m,del-m,fro-m,sta-s,nai-s,del-s,fro-s
arabic-2005,0.00000002,0.00000008,0.0000001,2866.45601,1883.61169,1586.711036,1452.883904,0.9898023514,0.989926588,0.989964481,0.9898240334,1,1.52178712,1.806539404,1.97294223
arabic-2005,0.0000002,0.0000008,0.000001,2681.785725,1738.347567,1677.405751,1401.075609,0.9897841786,0.9899107142,0.9898886904,0.9898497856,1,1.542721246,1.59876984,1.914090651
arabic-2005,0.000002,0.000008,0.00001,2621.084131,1658.147979,1691.566677,1356.044827,0.9897651834,0.9899325182,0.9899334306,0.9898080668,1,1.580729925,1.549500925,1.932889001
arabic-2005,0.00002,0.00008,0.0001,2441.290168,1566.837891,1591.372798,1395.270722,0.9894153892,0.9896097866,0.9895927842,0.989530225,1,1.558100032,1.534078106,1.749689239
arabic-2005,0.0002,0.0008,0.001,2728.722295,1700.366128,1695.49625,1527.20919,0.9887037028,0.9889039052,0.9888702192,0.988985414,1,1.60478514,1.609394474,1.786737738
arabic-2005,0.002,0.008,0.01,3881.408838,2835.836308,3044.913179,4015.866941,0.9788378502,0.9793541824,0.9792277418,0.9791989016,1,1.368699889,1.274719051,0.9665182873
arabic-2005,0.02,0.08,0.1,11365.84333,9605.47528,12114.91573,9821.203506,0.9161258742,0.9171138182,0.9170564598,0.9172217234,1,1.183267147,0.9381694088,1.157276022