graph,batch_deletions_fraction,batch_insertions_fraction,batch_fraction,sta-t,nai-t,del-t,fro-t,sta-m,nai-m,del-m,fro-m,sta-s,nai-s,del-s,fro-s
com-Orkut,0.00000002,0.00000008,0.0000001,1847.40571,1249.692531,1314.353326,1206.179518,0.6617180306,0.6665976378,0.6636796692,0.6582702676,1,1.478288191,1.405562472,1.531617543
com-Orkut,0.0000002,0.0000008,0.000001,1598.005273,1223.968847,1300.457357,1182.000608,0.657015372,0.666103044,0.6655285144,0.663178928,1,1.305593094,1.228802516,1.351949621
com-Orkut,0.000002,0.000008,0.00001,1540.086829,1242.030427,1309.391687,1260.269543,0.6626967696,0.66509541,0.6646778128,0.6656327392,1,1.239975121,1.176184975,1.222029714
com-Orkut,0.00002,0.00008,0.0001,1766.828885,1276.375762,1278.374671,1290.254063,0.6626079622,0.665204002,0.6650377078,0.6653101658,1,1.384254495,1.382090029,1.369365101
com-Orkut,0.0002,0.0008,0.001,1828.104239,1432.217414,1407.12849,1308.593591,0.6590859156,0.6634378868,0.6635296258,0.6632768024,1,1.276415313,1.299173638,1.39699923
com-Orkut,0.002,0.008,0.01,2120.172608,1562.784465,1680.675799,1420.776081,0.6437532804,0.655998951,0.6501005006,0.6536479834,1,1.356663478,1.261500052,1.492263726
com-Orkut,0.02,0.08,0.1,2464.426783,2083.802791,2824.467603,2144.098471,0.614126811,0.6159861918,0.6170936002,0.6161564608,1,1.182658356,0.8725278989,1.1494