graph,batch_deletions_fraction,batch_insertions_fraction,batch_fraction,sta-t,nai-t,del-t,fro-t,sta-m,nai-m,del-m,fro-m,sta-s,nai-s,del-s,fro-s
com-LiveJournal,0.00000002,0.00000008,0.0000001,1193.331557,821.3783491,732.7772355,682.9330653,0.7263177386,0.7380830034,0.729109502,0.7291784732,1,1.452840288,1.628505226,1.747362396
com-LiveJournal,0.0000002,0.0000008,0.000001,961.6266665,720.8592171,696.9797822,672.0878434,0.727141984,0.7381934406,0.7377873632,0.7290298764,1,1.334000653,1.379705253,1.430805029
com-LiveJournal,0.000002,0.000008,0.00001,976.7965164,701.0185506,677.4700674,672.6148951,0.7275647402,0.7376132638,0.7385960338,0.7370363552,1,1.393396103,1.441829777,1.452237415
com-LiveJournal,0.00002,0.00008,0.0001,910.6300746,665.3403904,711.0325925,665.5534314,0.7269503342,0.7384939516,0.7383643616,0.736777437,1,1.36866796,1.280714955,1.368229854
com-LiveJournal,0.0002,0.0008,0.001,1021.677866,773.0526873,815.2360519,735.1587475,0.7240507676,0.7372911784,0.7376243534,0.7358369106,1,1.321614792,1.253229496,1.389737754
com-LiveJournal,0.002,0.008,0.01,1043.682367,743.7922592,786.5653004,718.1227971,0.7083156506,0.7208676826,0.715102781,0.7199703574,1,1.403190681,1.326885849,1.45334805
com-LiveJournal,0.02,0.08,0.1,1520.600925,1162.326761,1356.019,1188.576849,0.6605157622,0.6723275572,0.6737730976,0.6722435874,1,1.308238764,1.121371401,1.279345906