graph,batch_deletions_fraction,batch_insertions_fraction,batch_fraction,sta-t,nai-t,del-t,fro-t,sta-m,nai-m,del-m,fro-m,sta-s,nai-s,del-s,fro-s
europe_osm,0.00000002,0.00000008,0.0000001,4193.395923,3813.005971,3805.579762,3520.481825,0.9987473976,0.9987480926,0.998746603,0.9987495616,1,1.099761174,1.101907248,1.191142614
europe_osm,0.0000002,0.0000008,0.000001,4421.931403,4045.588311,3683.343017,3771.854493,0.998750945,0.998747384,0.9987460752,0.998741582,1,1.093025554,1.200521206,1.172349414
europe_osm,0.000002,0.000008,0.00001,4512.68521,3910.983589,3964.889592,3815.145587,0.9987377694,0.9987356318,0.9987374098,0.9987356484,1,1.153849181,1.138161632,1.182834339
europe_osm,0.00002,0.00008,0.0001,4604.585933,3988.377541,3665.677737,3433.422158,0.9986252582,0.9986279192,0.9986305366,0.998627963,1,1.154501018,1.256134953,1.341106838
europe_osm,0.0002,0.0008,0.001,4675.855311,4223.616806,3931.343567,3787.900539,0.9975738896,0.9976164522,0.9976116466,0.9976141544,1,1.107073754,1.189378448,1.234418714
europe_osm,0.002,0.008,0.01,4762.774655,4274.731319,4356.198906,4379.48926,0.9886749228,0.9889121624,0.98891345,0.988912984,1,1.114169359,1.093332687,1.087518286
europe_osm,0.02,0.08,0.1,6905.589363,6605.261606,6410.991444,6428.486978,0.9219901074,0.9229677118,0.9229712636,0.9229717948,1,1.045467958,1.077148429,1.074216901