graph,batch_deletions_fraction,batch_insertions_fraction,batch_fraction,sta-t,nai-t,del-t,fro-t,sta-m,nai-m,del-m,fro-m,sta-s,nai-s,del-s,fro-s
indochina-2004,0.00000002,0.00000008,0.0000001,1148.615134,848.129501,703.1213866,703.0807374,0.948303688,0.9485066066,0.9485271348,0.9485536972,1,1.35429216,1.633594363,1.633688811
indochina-2004,0.0000002,0.0000008,0.000001,1103.728148,824.8172189,715.7923994,701.5361034,0.9484065366,0.9482955086,0.948467687,0.948527108,1,1.338148771,1.541966845,1.57330199
indochina-2004,0.000002,0.000008,0.00001,1104.55823,809.3330693,784.8165705,679.8068884,0.9486122282,0.948393885,0.9483885832,0.9483878966,1,1.364775853,1.407409415,1.624811765
indochina-2004,0.00002,0.00008,0.0001,1153.206371,840.0271967,844.7022134,732.3486681,0.9483786082,0.9482594472,0.9481568194,0.948372645,1,1.37282028,1.365222386,1.57466849
indochina-2004,0.0002,0.0008,0.001,1191.154688,920.2053311,904.1943516,766.5411916,0.9479208072,0.9480140768,0.9479585862,0.9479519012,1,1.294444454,1.31736577,1.553934349
indochina-2004,0.002,0.008,0.01,1434.965769,1118.315853,1311.657535,1068.58551,0.938623632,0.9389048046,0.9388558486,0.9389327274,1,1.283148911,1.094009473,1.342864708
indochina-2004,0.02,0.08,0.1,3503.020824,2987.218216,3599.702297,3053.395449,0.884665297,0.8847399064,0.8848135058,0.8846622316,1,1.172669879,0.9731418143,1.147254223