graph,batch_deletions_fraction,batch_insertions_fraction,batch_fraction,sta-t,nai-t,del-t,fro-t,sta-m,nai-m,del-m,fro-m,sta-s,nai-s,del-s,fro-s
it-2004,0.00000002,0.00000008,0.0000001,5081.570302,3161.658234,2700.224081,2451.816472,0.9773861138,0.9774999742,0.9774822062,0.9774984634,1,1.607248452,1.88190689,2.072573685
it-2004,0.0000002,0.0000008,0.000001,4646.389266,3005.498819,2841.820569,2439.020016,0.9773555816,0.9774744068,0.9774388622,0.977425841,1,1.545962765,1.635004446,1.905023015
it-2004,0.000002,0.000008,0.00001,5515.22222,4026.222337,4203.550553,3476.465398,0.9773207226,0.9775026168,0.9774927906,0.9774565018,1,1.369825548,1.31203899,1.586445308
it-2004,0.00002,0.00008,0.0001,16834.17748,17005.73334,17084.15557,16300.9084,0.9773088762,0.977426018,0.9774516018,0.9774000314,1,0.9899118814,0.9853678407,1.032714072
it-2004,0.0002,0.0008,0.001,16877.66607,16732.07676,17413.88817,15737.03655,0.9757054212,0.9757745836,0.9758992992,0.9759146292,1,1.00870121,0.969207216,1.072480579
it-2004,0.002,0.008,0.01,17730.89524,17339.5282,20253.01838,17988.55667,0.9617752744,0.9629655174,0.9622281076,0.9624881852,1,1.022570801,0.8754692709,0.98567637
it-2004,0.02,0.08,0.1,46282.1693,47597.07125,60863.27551,52689.95589,0.907623259,0.9066747832,0.9068275478,0.9066737074,1,0.9723743097,0.7604285,0.8783869434