graph,batch_deletions_fraction,batch_insertions_fraction,batch_fraction,sta-t,nai-t,del-t,fro-t,sta-m,nai-m,del-m,fro-m,sta-s,nai-s,del-s,fro-s
kmer_A2a,0.00000002,0.00000008,0.0000001,24097.31898,23615.64414,22107.56523,22419.1619,0.9737955204,0.9741110698,0.9739259234,0.9738881138,1,1.020396431,1.090003297,1.074853694
kmer_A2a,0.0000002,0.0000008,0.000001,21551.50846,23101.94704,21829.87249,20223.49494,0.9737836434,0.9741305862,0.9740920106,0.9739146232,1,0.9328871036,0.9872484811,1.065666866
kmer_A2a,0.000002,0.000008,0.00001,23409.30706,23809.98859,23382.82761,20269.13248,0.9737990864,0.9740935944,0.9740948102,0.9738436852,1,0.9831717043,1.001132432,1.154923976
kmer_A2a,0.00002,0.00008,0.0001,22215.1539,22928.10672,23590.28625,21136.80969,0.9737118012,0.97405124,0.9740137284,0.9738228642,1,0.9689048543,0.9417076868,1.051017359
kmer_A2a,0.0002,0.0008,0.001,23636.92832,23704.41154,25908.02976,22964.40938,0.9730372638,0.9733285368,0.9733595678,0.9731144208,1,0.9971531368,0.9123398627,1.029285271
kmer_A2a,0.002,0.008,0.01,24862.31155,24104.47651,25018.81064,23877.21358,0.9660895038,0.9664816374,0.9664592032,0.9662840466,1,1.031439597,0.9937447429,1.041256823
kmer_A2a,0.02,0.08,0.1,37449.02495,33642.72559,33766.41729,31954.43964,0.906060431,0.9068446432,0.9068606266,0.9067826324,1,1.113138852,1.10906125,1.171950607