graph,batch_deletions_fraction,batch_insertions_fraction,batch_fraction,sta-t,nai-t,del-t,fro-t,sta-m,nai-m,del-m,fro-m,sta-s,nai-s,del-s,fro-s
kmer_V1r,0.00000002,0.00000008,0.0000001,28489.60764,27521.41434,25379.41751,23990.66861,0.9473506902,0.9478728862,0.9475319262,0.947493395,1,1.035179635,1.122547735,1.187528706
kmer_V1r,0.0000002,0.0000008,0.000001,27191.20371,26895.70878,25317.18177,22990.30829,0.947505422,0.9477290556,0.9476228504,0.947417879,1,1.010986694,1.074021744,1.182724623
kmer_V1r,0.000002,0.000008,0.00001,27403.88965,25667.97238,26530.17706,22832.57949,0.9475487582,0.9478173192,0.947704909,0.947433208,1,1.0676297,1.032932784,1.200209975
kmer_V1r,0.00002,0.00008,0.0001,26711.94609,26830.27093,26605.04792,23229.50031,0.9474388414,0.9476563018,0.9476599764,0.947344329,1,0.9955898756,1.004017966,1.149914795
kmer_V1r,0.0002,0.0008,0.001,26864.6123,27099.9947,26575.46703,24739.44511,0.9466929462,0.9471158482,0.947015908,0.9468208434,1,0.991314301,1.010880158,1.085901975
kmer_V1r,0.002,0.008,0.01,28117.67119,27084.38196,27144.90011,24736.97596,0.9396127562,0.940202848,0.9401764024,0.9399380976,1,1.038150741,1.035836237,1.136665664
kmer_V1r,0.02,0.08,0.1,41597.73125,39510.76837,39887.47247,37149.43207,0.8793730792,0.8805178076,0.880599475,0.8804132576,1,1.052820104,1.042877091,1.119740705