graph,batch_deletions_fraction,batch_insertions_fraction,batch_fraction,sta-t,nai-t,del-t,fro-t,sta-m,nai-m,del-m,fro-m,sta-s,nai-s,del-s,fro-s
sk-2005,0.00000002,0.00000008,0.0000001,18613.48246,13419.69452,13628.43006,8933.811135,0.9761881504,0.9771870498,0.9771963354,0.9770131676,1,1.387027286,1.36578332,2.083487347
sk-2005,0.0000002,0.0000008,0.000001,11448.37958,6456.275502,6383.440162,5067.084417,0.9767531758,0.9772467794,0.9771163124,0.9770114722,1,1.773217326,1.793449816,2.259362316
sk-2005,0.000002,0.000008,0.00001,10960.20794,6194.476187,6263.454851,5107.522162,0.9764233876,0.9771970028,0.977261449,0.976861006,1,1.769351855,1.749866199,2.145895326
sk-2005,0.00002,0.00008,0.0001,10635.49962,5866.521506,6132.813903,5371.959723,0.9762795734,0.9771235778,0.9770916672,0.9769542056,1,1.81291411,1.734195719,1.979817453
sk-2005,0.0002,0.0008,0.001,11051.7046,6480.887218,6754.194349,5816.67605,0.9726507336,0.9732353894,0.9728367122,0.9733885124,1,1.705276488,1.636272815,1.900003456
sk-2005,0.002,0.008,0.01,14010.0589,8500.257793,9494.194639,8033.704406,0.962874652,0.9452703154,0.9436378854,0.9464186522,1,1.648192236,1.475644795,1.74391018
sk-2005,0.02,0.08,0.1,37521.70379,28575.08512,34258.34582,33051.25789,0.9037600814,0.9055663986,0.9054263406,0.9055186306,1,1.313091584,1.095257313,1.135257965