graph,batch_deletions_fraction,batch_insertions_fraction,batch_fraction,lousta-t,lounai-t,loudel-t,loufro-t,leista-t,leinai-t,leidel-t,leifro-t,lousta-m,lounai-m,loudel-m,loufro-m,leista-m,leinai-m,leidel-m,leifro-m
uk-2005,0.00000002,0.00000008,0.0000001,4194.282543,535.7324866,288.4987701,14.43686905,5720.389592,3358.670866,3087.981783,1732.545617,0.97982665,0.9799518434,0.979857555,0.9798230682,0.9797781356,0.9798033076,0.9796448258,0.9796450058
uk-2005,0.0000002,0.0000008,0.000001,4118.129029,471.5620837,405.1740975,47.50942777,5168.998209,2973.01556,2908.416164,1975.31327,0.9798285772,0.9799511402,0.979921863,0.9798223754,0.9797757248,0.9798071502,0.9797644998,0.9794191006
uk-2005,0.000002,0.000008,0.00001,4242.17026,494.4920678,480.5314358,163.6744156,5241.067003,3071.458943,3054.719825,2608.074414,0.9798185956,0.979944112,0.979941266,0.9798154992,0.979776215,0.9798020358,0.9797943534,0.979542494
uk-2005,0.00002,0.00008,0.0001,4326.159105,479.754757,697.5411669,234.7506273,5387.010234,3420.004969,3448.174539,3178.164376,0.9797470282,0.9798738662,0.979873791,0.9797505192,0.9796854462,0.9797470708,0.9797408666,0.9796404486
uk-2005,0.0002,0.0008,0.001,4627.618151,581.6906864,719.9378043,365.138434,5365.454614,3269.37524,3340.077182,3125.381149,0.9790680126,0.979172427,0.9791724266,0.979064745,0.9789920708,0.9790715664,0.979068623,0.9789938086
uk-2005,0.002,0.008,0.01,6460.735262,1102.857246,1694.64762,964.4292705,8447.685305,5412.072083,6162.262581,5353.254292,0.9720378552,0.9722467154,0.9722467136,0.972186973,0.9720418376,0.972162489,0.9721632498,0.9721262356
uk-2005,0.02,0.08,0.1,19331.68671,4696.731561,7304.542644,4550.947138,23861.54436,18498.55896,21065.58503,17035.4053,0.9078137442,0.9079875018,0.9079875052,0.9079858448,0.90806102,0.9081570998,0.9081063474,0.9081050498