graph,batch_deletions_fraction,batch_insertions_fraction,batch_fraction,sta-t,nai-t,del-t,fro-t,sta-m,nai-m,del-m,fro-m,sta-s,nai-s,del-s,fro-s
webbase-2001,0.00000002,0.00000008,0.0000001,8636.946803,7085.436754,5715.741305,5735.793832,0.964916355,0.9655916694,0.9654700094,0.96525169,1,1.218971688,1.511080775,1.505797986
webbase-2001,0.0000002,0.0000008,0.000001,7989.504476,6567.709156,5624.85771,5999.953615,0.964918328,0.9655891946,0.965256841,0.965387446,1,1.216482686,1.420392282,1.331594374
webbase-2001,0.000002,0.000008,0.00001,7322.117628,6392.156241,5687.818938,5793.244216,0.9649817796,0.9654603916,0.965578569,0.9654033002,1,1.145484771,1.287333107,1.26390626
webbase-2001,0.00002,0.00008,0.0001,7684.55735,6430.218717,6483.476277,5952.386307,0.9649701618,0.965337128,0.965658713,0.9653358294,1,1.195069357,1.185252636,1.291004473
webbase-2001,0.0002,0.0008,0.001,7920.360573,6546.762974,6767.227217,6040.591114,0.9639350792,0.964599705,0.9647139304,0.9645188248,1,1.209813247,1.170399681,1.311189654
webbase-2001,0.002,0.008,0.01,10110.21445,8229.287288,9341.178432,8367.189812,0.9566349004,0.9580403624,0.9580443306,0.9579032458,1,1.228565013,1.082327516,1.208316612
webbase-2001,0.02,0.08,0.1,31018.67678,29942.92353,33492.67497,30953.53967,0.9035106248,0.9047849764,0.9049428302,0.9049093592,1,1.035926794,0.9261331562,1.002104351